-58.55742805,0
-58.54690537,0
-57.04216296,0.000102657
-57.03164029,0.000116436
-57.02111761,0.0001317
-57.01059494,0.000148553
-57.00007227,0.000167099
-56.98954959,0.000187441
-56.97902692,0.000209679
-56.96850424,0.000233906
-56.95798157,0.000260211
-56.9474589,0.000288675
-56.93693622,0.000319366
-56.92641355,0.000352344
-56.91589087,0.000387653
-56.9053682,0.000425321
-56.89484552,0.000465359
-56.88432285,0.000507759
-56.87380018,0.00055249
-56.8632775,0.0005995
-56.85275483,0.000648712
-56.84223215,0.000700023
-56.83170948,0.000753305
-56.8211868,0.000808401
-56.81066413,0.000865129
-56.80014146,0.000923278
-56.78961878,0.000982612
-56.77909611,0.001042868
-56.76857343,0.001103759
-56.75805076,0.001164977
-56.74752809,0.00122619
-56.73700541,0.001287053
-56.72648274,0.001347202
-56.71596006,0.001406264
-56.70543739,0.001463857
-56.69491471,0.001519597
-56.68439204,0.001573098
-56.67386937,0.001623982
-56.66334669,0.001671877
-56.65282402,0.001716426
-56.64230134,0.001757291
-56.63177867,0.001794156
-56.621256,0.001826731
-56.61073332,0.001854756
-56.60021065,0.001878004
-56.58968797,0.001896288
-56.5791653,0.001909457
-56.56864262,0.001917402
-56.55811995,0.001920057
-56.54759728,0.001920057
-56.5370746,0.001917402
-56.52655193,0.001909457
-56.51602925,0.001896288
-56.50550658,0.001878004
-56.4949839,0.001854756
-56.48446123,0.001826731
-56.47393856,0.001794156
-56.46341588,0.001757291
-56.45289321,0.001716426
-56.44237053,0.001671877
-56.43184786,0.001623982
-56.42132519,0.001573098
-56.41080251,0.001519597
-56.40027984,0.001463857
-56.38975716,0.001406264
-56.37923449,0.001347202
-56.36871181,0.001287053
-56.35818914,0.00122619
-56.34766647,0.001164977
-56.33714379,0.001103759
-56.32662112,0.001042868
-56.31609844,0.000982612
-56.30557577,0.000923278
-56.29505309,0.000865129
-56.28453042,0.000808401
-56.27400775,0.000753305
-56.26348507,0.000700023
-56.2529624,0.000648712
-56.24243972,0.0005995
-56.23191705,0.00055249
-56.22139438,0.000507759
-56.2108717,0.000465359
-56.20034903,0.000425321
-56.18982635,0.000387653
-56.17930368,0.000352344
-56.168781,0.000319366
-56.15825833,0.000288675
-56.14773566,0.000260211
-56.13721298,0.000233906
-56.12669031,0.000209679
-56.11616763,0.000187441
-56.10564496,0.000167099
-56.09512229,0.000148553
-56.08459961,0.0001317
-56.07407694,0.000116436
-56.06355426,0.000102657
-56.05303159,9.03E-05
-33.33457799,0.000111844
-33.32405532,0.000128502
-33.31353264,0.000147235
-33.30300997,0.000168235
-33.2924873,0.000191704
-33.28196462,0.000217846
-33.27144195,0.000246875
-33.26091927,0.000279003
-33.2503966,0.000314447
-33.23987393,0.00035342
-33.22935125,0.000396134
-33.21882858,0.000442791
-33.2083059,0.000493585
-33.19778323,0.000548696
-33.18726055,0.000608285
-33.17673788,0.000672495
-33.16621521,0.000741442
-33.15569253,0.000815214
-33.14516986,0.000893865
-33.13464718,0.000977415
-33.12412451,0.00106584
-33.11360184,0.001159075
-33.10307916,0.001257005
-33.09255649,0.001359468
-33.08203381,0.001466247
-33.07151114,0.001577073
-33.06098846,0.001691619
-33.05046579,0.001809504
-33.03994312,0.001930292
-33.02942044,0.002053491
-33.01889777,0.002178556
-33.00837509,0.002304894
-32.99785242,0.002431866
-32.98732974,0.002558789
-32.97680707,0.002684947
-32.9662844,0.002809593
-32.95576172,0.002931954
-32.94523905,0.003051247
-32.93471637,0.003166678
-32.9241937,0.003277455
-32.91367103,0.003382797
-32.90314835,0.003481941
-32.89262568,0.003574154
-32.882103,0.003658738
-32.87158033,0.003735045
-32.86105765,0.003802477
-32.85053498,0.003860501
-32.84001231,0.003908653
-32.82948963,0.003946543
-32.81896696,0.003973972
-32.80844428,0.003992194
-32.79792161,0.00400117
-32.78739893,0.004001307
-32.77687626,0.003992386
-32.76635359,0.003974298
-32.75583091,0.00394719
-32.74530824,0.003909507
-32.73478556,0.003861555
-32.72426289,0.003803722
-32.71374022,0.003736471
-32.70321754,0.003660335
-32.69269487,0.003575908
-32.68217219,0.003483839
-32.67164952,0.003384824
-32.66112684,0.003279596
-32.65060417,0.003168918
-32.6400815,0.00305357
-32.62955882,0.002934343
-32.61903615,0.002812032
-32.60851347,0.002687423
-32.5979908,0.002561285
-32.58746813,0.002434367
-32.57694545,0.002307387
-32.56642278,0.002181027
-32.5559001,0.002055928
-32.54537743,0.001932684
-32.53485475,0.001811842
-32.52433208,0.001693892
-32.51380941,0.001579274
-32.50328673,0.001468369
-32.49276406,0.001361505
-32.48224138,0.001258953
-32.47171871,0.00116093
-32.46119603,0.0010676
-32.45067336,0.000979078
-32.44015069,0.000895431
-32.42962801,0.000816682
-32.41910534,0.000742814
-32.40858266,0.000673773
-32.39805999,0.000609471
-32.38753732,0.000549792
-32.37701464,0.000494595
-32.36649197,0.000443718
-32.35596929,0.000396982
-32.34544662,0.000354194
-32.33492394,0.000315149
-32.32440127,0.000279639
-32.3138786,0.000247449
-32.30335592,0.000218363
-32.29283325,0.000192167
-32.28231057,0.00016865
-32.2717879,0.000147604
-32.26126522,0.000128829
-32.25074255,0.000112134
-32.24021988,9.73E-05
-25.06375607,0.000110159
-25.0532334,0.000124654
-25.04271072,0.000140684
-25.03218805,0.000158357
-25.02166538,0.000177779
-25.0111427,0.000199055
-25.00062003,0.000222289
-24.99009735,0.000247579
-24.97957468,0.000275016
-24.96905201,0.000304687
-24.95852933,0.000336666
-24.94800666,0.000371016
-24.93748398,0.00040779
-24.92696131,0.000447022
-24.91643863,0.000488731
-24.90591596,0.000532917
-24.89539329,0.000579558
-24.88487061,0.000628611
-24.87434794,0.000680009
-24.86382526,0.000733659
-24.85330259,0.000789443
-24.84277991,0.000847216
-24.83225724,0.000906804
-24.82173457,0.000968008
-24.81121189,0.001030601
-24.80068922,0.001094328
-24.79016654,0.001158909
-24.77964387,0.001224043
-24.7691212,0.001289402
-24.75859852,0.001354642
-24.74807585,0.0014194
-24.73755317,0.001483299
-24.7270305,0.001545954
-24.71650782,0.001606969
-24.70598515,0.001665948
-24.69546248,0.001722507
-24.6849398,0.001776256
-24.67441713,0.001826804
-24.66389445,0.001873786
-24.65337178,0.001916976
-24.64284911,0.001956051
-24.63232643,0.001990591
-24.62180376,0.00202033
-24.61128108,0.002045373
-24.60075841,0.002065632
-24.59023573,0.002080609
-24.57971306,0.002090071
-24.56919039,0.002094864
-24.55866771,0.002094949
-24.54814504,0.002089401
-24.53762236,0.002079302
-24.52709969,0.002064732
-24.51657701,0.002044767
-24.50605434,0.002019929
-24.49553167,0.001990412
-24.48500899,0.001956082
-24.47448632,0.001917242
-24.46396364,0.001874186
-24.45344097,0.001827199
-24.4429183,0.001776626
-24.43239562,0.001722833
-24.42187295,0.001666199
-24.41135027,0.001607115
-24.4008276,0.001545977
-24.39030492,0.001483185
-24.37978225,0.001419133
-24.36925958,0.001354212
-24.3587369,0.0012888
-24.34821423,0.001223262
-24.33769155,0.001157946
-24.32716888,0.00109318
-24.3166462,0.001029271
-24.30612353,0.0009665
-24.29560086,0.000905125
-24.28507818,0.000845374
-24.27455551,0.00078745
-24.26403283,0.000731527
-24.25351016,0.000677753
-24.24298749,0.000626246
-24.23246481,0.000577102
-24.22194214,0.000530386
-24.21141946,0.000486143
-24.20089679,0.000444395
-24.19037411,0.000405141
-24.17985144,0.000368362
-24.16932877,0.000334023
-24.15880609,0.000302071
-24.14828342,0.000272442
-24.13776074,0.000245058
-24.12723807,0.000219835
-24.1167154,0.000196677
-24.10619272,0.000175486
-24.09567005,0.000156157
-24.08514737,0.000138584
-24.0746247,0.000122657
-24.06410202,0.000108269
-24.05357935,9.53E-05
-17.5505667,0.000106338
-17.54004402,0.000125727
-17.52952135,0.000148272
-17.51899867,0.000174418
-17.508476,0.000204696
-17.49795332,0.000239583
-17.48743065,0.000279714
-17.47690798,0.000325751
-17.4663853,0.000378424
-17.45586263,0.000438525
-17.44533995,0.000506918
-17.43481728,0.000584541
-17.4242946,0.000672727
-17.41377193,0.000772699
-17.40324926,0.000884671
-17.39272658,0.001010445
-17.38220391,0.001151353
-17.37168123,0.001308805
-17.36115856,0.001484287
-17.35063589,0.00167936
-17.34011321,0.001895653
-17.32959054,0.002134858
-17.31906786,0.002398726
-17.30854519,0.002689061
-17.29802251,0.003007706
-17.28749984,0.003356538
-17.27697717,0.003737454
-17.26645449,0.004152362
-17.25593182,0.004603165
-17.24540914,0.005091747
-17.23488647,0.005619956
-17.22436379,0.00618959
-17.21384112,0.00680238
-17.20331845,0.007459968
-17.19279577,0.008163892
-17.1822731,0.008915988
-17.17175042,0.009716791
-17.16122775,0.010567744
-17.15070508,0.011469774
-17.1401824,0.012423609
-17.12965973,0.013429758
-17.11913705,0.01448849
-17.10861438,0.015599825
-17.0980917,0.016763513
-17.08756903,0.017979021
-17.07704636,0.019245524
-17.06652368,0.020561893
-17.05600101,0.021926687
-17.04547833,0.023338151
-17.03495566,0.024794914
-17.02443299,0.026293359
-17.01391031,0.027832343
-17.00338764,0.0294077
-16.99286496,0.031016854
-16.98234229,0.032655051
-16.97181961,0.034320627
-16.96129694,0.036008085
-16.95077427,0.037713202
-16.94025159,0.039431105
-16.92972892,0.041157898
-16.91920624,0.042904815
-16.90868357,0.044666266
-16.89816089,0.046421643
-16.88763822,0.048166097
-16.87711555,0.049894211
-16.86659287,0.051600823
-16.8560702,0.053281314
-16.84554752,0.054931028
-16.83502485,0.056545715
-16.82450218,0.058120989
-16.8139795,0.059660318
-16.80345683,0.061160524
-16.79293415,0.062611104
-16.78241148,0.064009831
-16.7718888,0.065354779
-16.76136613,0.066644554
-16.75084346,0.067878518
-16.74032078,0.069056746
-16.72979811,0.07019065
-16.71927543,0.071281793
-16.70875276,0.072361043
-16.69823009,0.073431302
-16.68770741,0.074456977
-16.67718474,0.075442566
-16.66666206,0.076393588
-16.65613939,0.077316613
-16.64561671,0.078219294
-16.63509404,0.079110381
-16.62457137,0.079999731
-16.61404869,0.080898305
-16.60352602,0.081818159
-16.59300334,0.082772414
-16.58248067,0.083777205
-16.57195799,0.084847634
-16.56143532,0.085997699
-16.55091265,0.087244195
-16.54038997,0.088604611
-16.5298673,0.090097011
-16.51934462,0.091739877
-16.50882195,0.093551947
-16.49829928,0.095567916
-16.4877766,0.097840546
-16.47725393,0.100371671
-16.46673125,0.103143887
-16.45620858,0.106173171
-16.4456859,0.109474376
-16.43516323,0.113060962
-16.42464056,0.116944709
-16.41411788,0.121135437
-16.40359521,0.125640722
-16.39307253,0.130465613
-16.38254986,0.135612372
-16.37202718,0.141080214
-16.36150451,0.146865077
-16.35098184,0.152959419
-16.34045916,0.159352045
-16.32993649,0.166027965
-16.31941381,0.172968309
-16.30889114,0.18015027
-16.29836847,0.187547116
-16.28784579,0.195128242
-16.27732312,0.202859287
-16.26680044,0.210702304
-16.25627777,0.21863685
-16.24575509,0.226618384
-16.23523242,0.234578617
-16.22470975,0.242467804
-16.21418707,0.250234338
-16.2036644,0.257825248
-16.19314172,0.265186737
-16.18261905,0.272264747
-16.17209638,0.279005552
-16.1615737,0.285356361
-16.15105103,0.291265929
-16.14052835,0.296685165
-16.13000568,0.301567724
-16.119483,0.305870573
-16.10896033,0.309589126
-16.09843766,0.312688258
-16.08791498,0.315152087
-16.07739231,0.316983458
-16.06686963,0.318158442
-16.05634696,0.31863252
-16.04582428,0.318418972
-16.03530161,0.317564507
-16.02477894,0.316036673
-16.01425626,0.313793532
-16.00373359,0.310822311
-15.99321091,0.307165878
-15.98268824,0.302844895
-15.97216557,0.297866324
-15.96164289,0.292274419
-15.95112022,0.286112002
-15.94059754,0.279398587
-15.93007487,0.272164169
-15.91955219,0.26445623
-15.90902952,0.256332621
-15.89850685,0.247845189
-15.88798417,0.239039069
-15.8774615,0.229979641
-15.86693882,0.22072068
-15.85641615,0.211304336
-15.84589347,0.201783118
-15.8353708,0.192208112
-15.82484813,0.182628533
-15.81432545,0.173091312
-15.80380278,0.163640571
-15.7932801,0.154318026
-15.78275743,0.145160975
-15.77223476,0.13620554
-15.76171208,0.127482119
-15.75118941,0.119018265
-15.74066673,0.110837849
-15.73014406,0.102961068
-15.71962138,0.095404502
-15.70909871,0.088181202
-15.69857604,0.081300825
-15.68805336,0.074769796
-15.67753069,0.068591498
-15.66700801,0.062766484
-15.65648534,0.057292672
-15.64596267,0.052165725
-15.63543999,0.047379084
-15.62491732,0.042924372
-15.61439464,0.038791606
-15.60387197,0.034969447
-15.59334929,0.031445435
-15.58282662,0.028206224
-15.57230395,0.025237543
-15.56178127,0.022524926
-15.5512586,0.020054504
-15.54073592,0.017810716
-15.53021325,0.015778743
-15.51969057,0.013943944
-15.5091679,0.012291975
-15.49864523,0.010808891
-15.48812255,0.00948123
-15.47759988,0.008296077
-15.4670772,0.007241124
-15.45655453,0.006304707
-15.44603186,0.005475829
-15.43550918,0.004744184
-15.42498651,0.004100154
-15.41446383,0.003534812
-15.40394116,0.003039907
-15.39341848,0.002607849
-15.38289581,0.002231686
-15.37237314,0.001905076
-15.36185046,0.001622261
-15.35132779,0.001378028
-15.34080511,0.001167683
-15.33028244,0.000986676
-15.31975976,0.000831976
-15.30923709,0.000699804
-15.29871442,0.000587179
-15.28819174,0.000491466
-15.27766907,0.000410342
-15.26714639,0.000341765
-15.25662372,0.000283947
-15.24610105,0.000235329
-15.23557837,0.000194555
-15.2250557,0.000160449
-15.21453302,0.000131995
-15.20401035,0.00010832
-15.19348767,8.87E-05
-11.07912206,0.000113733
-11.06859939,0.000132733
-11.05807671,0.000154508
-11.04755404,0.000179394
-11.03703137,0.000207756
-11.02650869,0.00023999
-11.01598602,0.000276523
-11.00546334,0.000317815
-10.99494067,0.000364357
-10.984418,0.000416673
-10.97389532,0.00047532
-10.96337265,0.000540997
-10.95284997,0.000614248
-10.9423273,0.000695604
-10.93180462,0.000785838
-10.92128195,0.000885653
-10.91075928,0.000995778
-10.9002366,0.001116962
-10.88971393,0.001250008
-10.87919125,0.001395762
-10.86866858,0.001554819
-10.8581459,0.00172808
-10.84762323,0.001916398
-10.83710056,0.002120831
-10.82657788,0.002341602
-10.81605521,0.002579769
-10.80553253,0.002836106
-10.79500986,0.003111345
-10.78448719,0.003406209
-10.77396451,0.003721386
-10.76344184,0.004057605
-10.75291916,0.004415495
-10.74239649,0.004795427
-10.73187381,0.005198041
-10.72135114,0.005623958
-10.71082847,0.006073336
-10.70030579,0.0065468
-10.68978312,0.007044406
-10.67926044,0.007566492
-10.66873777,0.008113239
-10.65821509,0.008684754
-10.64769242,0.009281072
-10.63716975,0.009902158
-10.62664707,0.010547969
-10.6161244,0.011218204
-10.60560172,0.011912674
-10.59507905,0.012631004
-10.58455638,0.013372789
-10.5740337,0.014137525
-10.56351103,0.014924625
-10.55298835,0.015733417
-10.54246568,0.016563144
-10.531943,0.017413018
-10.52142033,0.018282049
-10.51089766,0.019169247
-10.50037498,0.020073462
-10.48985231,0.021003164
-10.47932963,0.021957013
-10.46880696,0.022923931
-10.45828429,0.023902337
-10.44776161,0.024890548
-10.43723894,0.025886927
-10.42671626,0.026889753
-10.41619359,0.027897274
-10.40567091,0.02890772
-10.39514824,0.029919309
-10.38462557,0.030930264
-10.37410289,0.031938823
-10.36358022,0.032943253
-10.35305754,0.033945464
-10.34253487,0.034943784
-10.33201219,0.035932972
-10.32148952,0.03691146
-10.31096685,0.037877763
-10.30044417,0.038830484
-10.2899215,0.039768321
-10.27939882,0.040690065
-10.26887615,0.041594605
-10.25835348,0.042493725
-10.2478308,0.043386394
-10.23730813,0.044258754
-10.22678545,0.04511832
-10.21626278,0.045964113
-10.2057401,0.046786656
-10.19521743,0.047585008
-10.18469476,0.048358265
-10.17417208,0.049105544
-10.16364941,0.049840053
-10.15312673,0.050560793
-10.14260406,0.051252544
-10.13208138,0.051914136
-10.12155871,0.05254436
-10.11103604,0.053141954
-10.10051336,0.0537056
-10.08999069,0.054233917
-10.07946801,0.05472546
-10.06894534,0.055178721
-10.05842267,0.055592132
-10.04789999,0.055964071
-10.03737732,0.056298331
-10.02685464,0.05659899
-10.01633197,0.056858748
-10.00580929,0.057069896
-9.99528662,0.057230577
-9.984763946,0.057338989
-9.974241272,0.057393414
-9.963718598,0.057394119
-9.953195924,0.057345961
-9.942673249,0.057245678
-9.932150575,0.057085687
-9.921627901,0.056867565
-9.911105227,0.05660783
-9.900582553,0.056303195
-9.890059878,0.055935799
-9.879537204,0.05550582
-9.86901453,0.055013349
-9.858491856,0.054458404
-9.847969182,0.053841759
-9.837446507,0.053168234
-9.826923833,0.052446624
-9.816401159,0.051674911
-9.805878485,0.050847679
-9.795355811,0.049974533
-9.784833136,0.049057967
-9.774310462,0.048100569
-9.763787788,0.04710563
-9.753265114,0.046068978
-9.74274244,0.044993468
-9.732219765,0.04388252
-9.721697091,0.04273969
-9.711174417,0.041568647
-9.700651743,0.040376421
-9.690129069,0.039166776
-9.679606394,0.037941092
-9.66908372,0.036703102
-9.658561046,0.035455577
-9.648038372,0.034202144
-9.637515698,0.03294634
-9.626993023,0.0316916
-9.616470349,0.030441233
-9.605947675,0.029201139
-9.595425001,0.027976101
-9.584902327,0.026768441
-9.574379652,0.025578948
-9.563856978,0.024407589
-9.553334304,0.023256906
-9.54281163,0.022130607
-9.532288956,0.02103298
-9.521766281,0.019963744
-9.511243607,0.018921832
-9.500720933,0.017908473
-9.490198259,0.016924735
-9.479675585,0.015971514
-9.46915291,0.015049548
-9.458630236,0.014159432
-9.448107562,0.013301617
-9.437584888,0.012476423
-9.427062214,0.011683982
-9.416539539,0.010924493
-9.406016865,0.01019784
-9.395494191,0.009503872
-9.384971517,0.008842341
-9.374448843,0.008212902
-9.363926168,0.007615124
-9.353403494,0.007048492
-9.34288082,0.006512419
-9.332358146,0.00600604
-9.321835472,0.005529088
-9.311312797,0.005080525
-9.300790123,0.004659384
-9.290267449,0.004265091
-9.279744775,0.003896558
-9.269222101,0.003552836
-9.258699426,0.003232947
-9.248176752,0.00293589
-9.237654078,0.002660423
-9.227131404,0.002406017
-9.21660873,0.002171353
-9.206086055,0.001955399
-9.195563381,0.001757126
-9.185040707,0.001575519
-9.174518033,0.001409572
-9.163995359,0.0012583
-9.153472684,0.001120743
-9.14295001,0.000995963
-9.132427336,0.000883054
-9.121904662,0.000781142
-9.111381988,0.000689301
-9.100859313,0.000606827
-9.090336639,0.000533053
-9.079813965,0.000467135
-9.069291291,0.00040839
-9.058768617,0.000356174
-9.048245943,0.000309883
-9.037723268,0.000268922
-9.027200594,0.000232731
-9.01667792,0.000201012
-9.006155246,0.000173186
-8.995632572,0.000148799
-8.985109897,0.000127289
-8.974587223,0.000108872
-8.964064549,9.29E-05
-4.828653589,0.000113184
-4.818130915,0.000142545
-4.80760824,0.000172919
-4.797085566,0.000209229
-4.786562892,0.000252517
-4.776040218,0.000303983
-4.765517544,0.000365008
-4.754994869,0.000437167
-4.744472195,0.000522263
-4.733949521,0.000625266
-4.723426847,0.000743433
-4.712904173,0.000881715
-4.702381498,0.001043102
-4.691858824,0.001230947
-4.68133615,0.001449004
-4.670813476,0.00170145
-4.660290802,0.001992929
-4.649768127,0.002328575
-4.639245453,0.002714048
-4.628722779,0.003155563
-4.618200105,0.003659921
-4.607677431,0.004238039
-4.597154756,0.004891898
-4.586632082,0.005632996
-4.576109408,0.006470758
-4.565586734,0.007415299
-4.55506406,0.008489562
-4.544541385,0.009684539
-4.534018711,0.011021307
-4.523496037,0.012513297
-4.512973363,0.014174262
-4.502450689,0.016018618
-4.491928014,0.018061403
-4.48140534,0.02031823
-4.470882666,0.022805234
-4.460359992,0.025539004
-4.449837318,0.028536506
-4.439314643,0.031815
-4.428791969,0.035391936
-4.418269295,0.039284859
-4.407746621,0.043511287
-4.397223947,0.04808859
-4.386701272,0.053033865
-4.376178598,0.058363796
-4.365655924,0.064094516
-4.35513325,0.070241464
-4.344610576,0.076820528
-4.334087901,0.083843093
-4.323565227,0.091322672
-4.313042553,0.099270503
-4.302519879,0.107696419
-4.291997205,0.116608726
-4.28147453,0.126014079
-4.270951856,0.135917372
-4.260429182,0.146321641
-4.249906508,0.157227975
-4.239383834,0.168635447
-4.228861159,0.180541053
-4.218338485,0.192939674
-4.207815811,0.205825145
-4.197293137,0.219188037
-4.186770463,0.233015657
-4.176247788,0.247297434
-4.165725114,0.262012095
-4.15520244,0.277150429
-4.144679766,0.292681975
-4.134157092,0.308589892
-4.123634417,0.324850685
-4.113111743,0.341439107
-4.102589069,0.358328251
-4.092066395,0.375489631
-4.081543721,0.392893275
-4.071021046,0.410659109
-4.060498372,0.428754719
-4.049975698,0.446989649
-4.039453024,0.465330725
-4.02893035,0.483733782
-4.018407675,0.502161756
-4.007885001,0.520574178
-3.997362327,0.53892974
-3.986839653,0.557191826
-3.976316979,0.575308118
-3.965794304,0.593239446
-3.95527163,0.610941686
-3.944748956,0.628370112
-3.934226282,0.645479446
-3.923703608,0.662332179
-3.913180934,0.67888125
-3.902658259,0.694973225
-3.892135585,0.710805804
-3.881612911,0.726333055
-3.871090237,0.741248105
-3.860567563,0.755503433
-3.850044888,0.769047608
-3.839522214,0.781828602
-3.82899954,0.793804297
-3.818476866,0.80492574
-3.807954192,0.815296864
-3.797431517,0.824878341
-3.786908843,0.833490172
-3.776386169,0.841100527
-3.765863495,0.847682836
-3.755340821,0.853216391
-3.744818146,0.857686924
-3.734295472,0.861087159
-3.723772798,0.863417304
-3.713250124,0.864685494
-3.70272745,0.864908155
-3.692204775,0.864110284
-3.681682101,0.862497603
-3.671159427,0.860111265
-3.660636753,0.856827826
-3.650114079,0.852704506
-3.639591404,0.847806955
-3.62906873,0.842805187
-3.618546056,0.837795677
-3.608023382,0.832262838
-3.597500708,0.8262684
-3.586978033,0.819904728
-3.576455359,0.813262387
-3.565932685,0.80644183
-3.555410011,0.799545668
-3.544887337,0.792674728
-3.534364662,0.785933537
-3.523841988,0.779424932
-3.513319314,0.773253911
-3.50279664,0.767511188
-3.492273966,0.762293451
-3.481751291,0.757689685
-3.471228617,0.753782742
-3.460705943,0.750641711
-3.450183269,0.748335492
-3.439660595,0.746918123
-3.42913792,0.746436399
-3.418615246,0.746988996
-3.408092572,0.748603321
-3.397569898,0.751221583
-3.387047224,0.754847317
-3.376524549,0.759469721
-3.366001875,0.765066793
-3.355479201,0.771606912
-3.344956527,0.779044527
-3.334433853,0.787327431
-3.323911178,0.796393216
-3.313388504,0.806171049
-3.30286583,0.816585817
-3.292343156,0.827550745
-3.281820482,0.838971028
-3.271297807,0.850757693
-3.260775133,0.862806836
-3.250252459,0.875176379
-3.239729785,0.887762377
-3.229207111,0.900603519
-3.218684436,0.913595187
-3.208161762,0.926328996
-3.197639088,0.938701154
-3.187116414,0.950612105
-3.17659374,0.961969565
-3.166071065,0.972681915
-3.155548391,0.982669708
-3.145025717,0.991863853
-3.134503043,1.000269946
-3.123980369,1.007834056
-3.113457694,1.014589918
-3.10293502,1.020499557
-3.092412346,1.025377544
-3.081889672,1.029206004
-3.071366998,1.03197809
-3.060844323,1.033966797
-3.050321649,1.035185243
-3.039798975,1.035389229
-3.029276301,1.034606813
-3.018753627,1.032883293
-3.008230952,1.030271991
-2.997708278,1.026836913
-2.987185604,1.022648972
-2.97666293,1.017938436
-2.966140256,1.012787805
-2.955617581,1.007245789
-2.945094907,1.00140705
-2.934572233,0.995381548
-2.924049559,0.989415763
-2.913526885,0.983501242
-2.90300421,0.977726679
-2.892481536,0.972195573
-2.881958862,0.966882099
-2.871436188,0.96189126
-2.860913514,0.957317176
-2.850390839,0.953252958
-2.839868165,0.949786779
-2.829345491,0.947000925
-2.818822817,0.944970914
-2.808300143,0.94376469
-2.797777468,0.943441904
-2.787254794,0.944053292
-2.77673212,0.945640158
-2.766209446,0.948233964
-2.755686772,0.951855606
-2.745164097,0.95651817
-2.734641423,0.962220652
-2.724118749,0.968955685
-2.713596075,0.976699446
-2.703073401,0.985484251
-2.692550726,0.995290966
-2.682028052,1.005989032
-2.671505378,1.017519954
-2.660982704,1.029935616
-2.65046003,1.043162663
-2.639937355,1.056999879
-2.629414681,1.071422499
-2.618892007,1.086337553
-2.608369333,1.10158541
-2.597846659,1.117065248
-2.587323984,1.132874028
-2.57680131,1.148905324
-2.566278636,1.164850169
-2.555755962,1.180648618
-2.545233288,1.19634822
-2.534710613,1.211792134
-2.524187939,1.226772049
-2.513665265,1.241183769
-2.503142591,1.254872223
-2.492619917,1.267743817
-2.482097242,1.279894357
-2.471574568,1.291232894
-2.461051894,1.301490627
-2.45052922,1.310592624
-2.440006546,1.318470232
-2.429483871,1.325124859
-2.418961197,1.330502492
-2.408438523,1.334493952
-2.397915849,1.337063326
-2.387393175,1.33817637
-2.3768705,1.337974216
-2.366347826,1.336634129
-2.355825152,1.333986409
-2.345302478,1.329986493
-2.334779804,1.324639392
-2.324257129,1.317902955
-2.313734455,1.309951569
-2.303211781,1.300718664
-2.292689107,1.290096737
-2.282166433,1.278104537
-2.271643758,1.264787807
-2.261121084,1.25019974
-2.25059841,1.234496698
-2.240075736,1.217742788
-2.229553062,1.199906646
-2.219030388,1.181380233
-2.208507713,1.162238032
-2.197985039,1.142234632
-2.187462365,1.121444982
-2.176939691,1.099954466
-2.166417017,1.077842217
-2.155894342,1.055189461
-2.145371668,1.032079892
-2.134848994,1.008592139
-2.12432632,0.984817944
-2.113803646,0.960963419
-2.103280971,0.937106598
-2.092758297,0.913191461
-2.082235623,0.889289843
-2.071712949,0.865608634
-2.061190275,0.842210976
-2.0506676,0.819016103
-2.040144926,0.796084291
-2.029622252,0.773464083
-2.019099578,0.751347222
-2.008576904,0.729772599
-1.998054229,0.708631009
-1.987531555,0.687956765
-1.977008881,0.667770056
-1.966486207,0.648098376
-1.955963533,0.628957628
-1.945440858,0.610362535
-1.934918184,0.592324328
-1.92439551,0.574851017
-1.913872836,0.55794768
-1.903350162,0.54161676
-1.892827487,0.525858371
-1.882304813,0.510670604
-1.871782139,0.496049832
-1.861259465,0.481990996
-1.850736791,0.468489531
-1.840214116,0.455535923
-1.829691442,0.44323694
-1.819168768,0.431583811
-1.808646094,0.420452349
-1.79812342,0.409944939
-1.787600745,0.400050434
-1.777078071,0.3906447
-1.766555397,0.381717081
-1.756032723,0.373254947
-1.745510049,0.36524789
-1.734987374,0.35768431
-1.7244647,0.350603097
-1.713942026,0.343993641
-1.703419352,0.337799353
-1.692896678,0.332014575
-1.682374003,0.326629119
-1.671851329,0.321634681
-1.661328655,0.317019747
-1.650805981,0.31278408
-1.640283307,0.308913645
-1.629760632,0.305399934
-1.619237958,0.302233472
-1.608715284,0.299409768
-1.59819261,0.296915406
-1.587669936,0.29474251
-1.577147261,0.292879714
-1.566624587,0.291316218
-1.556101913,0.290038571
-1.545579239,0.289089688
-1.535056565,0.288453766
-1.52453389,0.288068316
-1.514011216,0.287919682
-1.503488542,0.287992946
-1.492965868,0.288276235
-1.482443194,0.288754098
-1.471920519,0.289532874
-1.461397845,0.290596514
-1.450875171,0.29180748
-1.440352497,0.293153029
-1.429829823,0.294621377
-1.419307148,0.296190868
-1.408784474,0.297853686
-1.3982618,0.299592134
-1.387739126,0.301394972
-1.377216452,0.303254247
-1.366693777,0.305156227
-1.356171103,0.307091755
-1.345648429,0.309051512
-1.335125755,0.3110688
-1.324603081,0.313133841
-1.314080406,0.315203957
-1.303557732,0.317271954
-1.293035058,0.319328083
-1.282512384,0.321471598
-1.27198971,0.323692226
-1.261467035,0.325894407
-1.250944361,0.328074945
-1.240421687,0.330270183
-1.229899013,0.332477667
-1.219376339,0.334656069
-1.208853664,0.336803382
-1.19833099,0.338917866
-1.187808316,0.340995878
-1.177285642,0.343040604
-1.166762968,0.345048301
-1.156240293,0.347016915
-1.145717619,0.348966553
-1.135194945,0.350900055
-1.124672271,0.352788431
-1.114149597,0.354628824
-1.103626922,0.356536672
-1.093104248,0.358504973
-1.082581574,0.360414134
-1.0720589,0.3622547
-1.061536226,0.364061039
-1.051013551,0.3658256
-1.040490877,0.367498976
-1.029968203,0.369073018
-1.019445529,0.370538879
-1.008922855,0.371888271
-0.99840018,0.373113189
-0.987877506,0.374204932
-0.977354832,0.375156238
-0.966832158,0.375959463
-0.956309484,0.376608119
-0.945786809,0.377096263
-0.935264135,0.377418786
-0.924741461,0.377651787
-0.914218787,0.377811719
-0.903696113,0.377812878
-0.893173438,0.377636393
-0.882650764,0.377278544
-0.87212809,0.376737348
-0.861605416,0.376017836
-0.851082742,0.375195396
-0.840560067,0.374323035
-0.830037393,0.373347234
-0.819514719,0.372220862
-0.808992045,0.370928591
-0.798469371,0.369474318
-0.787946696,0.367922791
-0.777424022,0.36627832
-0.766901348,0.364495995
-0.756378674,0.362580931
-0.745856,0.360530152
-0.735333325,0.358348523
-0.724810651,0.356086971
-0.714287977,0.353749193
-0.703765303,0.351291536
-0.693242629,0.348716049
-0.682719954,0.346024021
-0.67219728,0.343215938
-0.661674606,0.340291449
-0.651151932,0.337249378
-0.640629258,0.334087752
-0.630106583,0.330833363
-0.619583909,0.32748182
-0.609061235,0.324000986
-0.598538561,0.320385093
-0.588015887,0.316629147
-0.577493212,0.312728101
-0.566970538,0.30867704
-0.556447864,0.304471381
-0.54592519,0.300138837
-0.535402516,0.295690421
-0.524879842,0.291113593
-0.514357167,0.286441087
-0.503834493,0.281690157
-0.493311819,0.276814402
-0.482789145,0.271768437
-0.472266471,0.266554062
-0.461743796,0.261174803
-0.451221122,0.255654615
-0.440698448,0.250000407
-0.430175774,0.244221637
-0.4196531,0.238328338
-0.409130425,0.232356029
-0.398607751,0.226339239
-0.388085077,0.220246259
-0.377562403,0.214070974
-0.367039729,0.207828802
-0.356517054,0.201534498
-0.34599438,0.195208141
-0.335471706,0.188865079
-0.324949032,0.182522692
-0.314426358,0.176197671
-0.303903683,0.16990844
-0.293381009,0.163670771
-0.282858335,0.157500561
-0.272335661,0.15141286
-0.261812987,0.145421718
-0.251290312,0.139540055
-0.240767638,0.133795821
-0.230244964,0.128199237
-0.21972229,0.122742364
-0.209199616,0.117433342
-0.198676941,0.112277585
-0.188154267,0.107279593
-0.177631593,0.10244062
-0.167108919,0.097766739
-0.156586245,0.093256203
-0.14606357,0.088908561
-0.135540896,0.084721687
-0.125018222,0.080694675
-0.114495548,0.076823541
-0.103972874,0.073115239
-0.093450199,0.06956534
-0.082927525,0.066158158
-0.072404851,0.062905273
-0.061882177,0.05980114
-0.051359503,0.056833895
-0.040836828,0.053997716
-0.030314154,0.051276119
-0.01979148,0.048663496
-0.009268806,0.046154499
0.001253868,0.043742799
0.011776543,0.041426226
0.022299217,0.039199554
0.032821891,0.037058452
0.043344565,0.034999393
0.053867239,0.033019233
0.064389914,0.0311152
0.074912588,0.029283663
0.085435262,0.027524393
0.095957936,0.025835526
0.10648061,0.024215176
0.117003285,0.02266162
0.127525959,0.021173694
0.138048633,0.019749438
0.148571307,0.018389966
0.159093981,0.017093091
0.169616656,0.015858238
0.18013933,0.014684376
0.190662004,0.013570598
0.201184678,0.012515194
0.211707352,0.011518765
0.222230027,0.010579233
0.232752701,0.009695364
0.243275375,0.008865811
0.253798049,0.008089119
0.264320723,0.00736372
0.274843398,0.006687942
0.285366072,0.006060018
0.295888746,0.005477618
0.30641142,0.004939857
0.316934094,0.004444146
0.327456769,0.003988445
0.337979443,0.003570683
0.348502117,0.003188767
0.359024791,0.002840602
0.369547465,0.002524101
0.38007014,0.002236661
0.390592814,0.001977286
0.401115488,0.001743258
0.411638162,0.001532669
0.422160836,0.001344016
0.432683511,0.001176225
0.443206185,0.001026691
0.453728859,0.000893818
0.464251533,0.000776096
0.474774207,0.000671804
0.485296882,0.000580273
0.495819556,0.000499569
0.50634223,0.000429241
0.516864904,0.000367121
0.527387578,0.00031348
0.537910253,0.00026726
0.548432927,0.00022724
0.558955601,0.000192691
0.569478275,0.000162954
0.580000949,0.000137433
0.590523624,0.000115596
0.601046298,9.70E-05
1.274497446,0.000100743
1.285020121,0.000125335
1.295542795,0.000155513
1.306065469,0.000204013
1.316588143,0.000252201
1.327110817,0.000310949
1.337633492,0.00038237
1.348156166,0.000468957
1.35867884,0.000573635
1.369201514,0.000699829
1.379724188,0.000851537
1.390246863,0.001033403
1.400769537,0.001250809
1.411292211,0.001509969
1.421814885,0.001818031
1.432337559,0.002183185
1.442860234,0.002614789
1.453382908,0.003123486
1.463905582,0.003721345
1.474428256,0.004421993
1.48495093,0.005240757
1.495473605,0.006194816
1.505996279,0.007303338
1.516518953,0.008587631
1.527041627,0.010071278
1.537564301,0.011780273
1.548086976,0.013743142
1.55860965,0.015991047
1.569132324,0.018557874
1.579654998,0.021480298
1.590177672,0.024797816
1.600700347,0.028552746
1.611223021,0.032790189
1.621745695,0.037557945
1.632268369,0.042906377
1.642791043,0.048888223
1.653313718,0.055558342
1.663836392,0.062973406
1.674359066,0.07119151
1.68488174,0.080271719
1.695404414,0.090273545
1.705927089,0.10125634
1.716449763,0.113278621
1.726972437,0.126397328
1.737495111,0.140667005
1.748017785,0.156138929
1.75854046,0.172860172
1.769063134,0.190872628
1.779585808,0.210212001
1.790108482,0.230906769
1.800631156,0.252977143
1.811153831,0.276434036
1.821676505,0.301278055
1.832199179,0.327498542
1.842721853,0.355072678
1.853244527,0.383964676
1.863767202,0.414125077
1.874289876,0.445490176
1.88481255,0.477992133
1.895335224,0.511529651
1.905857898,0.545995346
1.916380573,0.581256532
1.926903247,0.617183952
1.937425921,0.653626335
1.947948595,0.690419253
1.958471269,0.727386131
1.968993944,0.764339478
1.979516618,0.801103101
1.990039292,0.837436347
2.000561966,0.873155194
2.01108464,0.908027881
2.021607315,0.941846526
2.032129989,0.974395989
2.042652663,1.005464222
2.053175337,1.034844748
2.063698011,1.062339165
2.074220686,1.087759651
2.08474336,1.111122282
2.095266034,1.13226608
2.105788708,1.150855278
2.116311382,1.166764787
2.126834057,1.179891277
2.137356731,1.190527908
2.147879405,1.19861669
2.158402079,1.203749722
2.168924753,1.206485876
2.179447428,1.206840651
2.189970102,1.204286613
2.200492776,1.198891368
2.21101545,1.190750851
2.221538124,1.179999456
2.232060799,1.167337222
2.242583473,1.152944658
2.253106147,1.136446267
2.263628821,1.118057224
2.274151495,1.098013998
2.28467417,1.076572349
2.295196844,1.054005116
2.305719518,1.030603213
2.316242192,1.00666729
2.326764866,0.982497591
2.337287541,0.958415654
2.347810215,0.934741776
2.358332889,0.91179752
2.368855563,0.889902905
2.379378237,0.869373611
2.389900912,0.850518222
2.400423586,0.833645328
2.41094626,0.81902435
2.421468934,0.806934529
2.431991608,0.797630066
2.442514283,0.791345507
2.453036957,0.788293574
2.463559631,0.788663136
2.474082305,0.792617338
2.484604979,0.800291897
2.495127654,0.811793572
2.505650328,0.827198841
2.516173002,0.846552764
2.526695676,0.86986808
2.53721835,0.897124536
2.547741025,0.928287743
2.558263699,0.963237093
2.568786373,1.001886674
2.579309047,1.044059287
2.589831721,1.089567718
2.600354396,1.138212914
2.61087707,1.189731768
2.621399744,1.243857745
2.631922418,1.300290693
2.642445092,1.35870687
2.652967767,1.418761644
2.663490441,1.480092499
2.674013115,1.54232233
2.684535789,1.605083679
2.695058463,1.667945343
2.705581138,1.73052512
2.716103812,1.792425428
2.726626486,1.853253759
2.73714916,1.912626931
2.747671834,1.970175326
2.758194509,2.025547056
2.768717183,2.078421907
2.779239857,2.128488047
2.789762531,2.175460979
2.800285205,2.219105808
2.81080788,2.259732356
2.821330554,2.297670136
2.831853228,2.332764536
2.842375902,2.364403798
2.852898576,2.392023117
2.863421251,2.415589824
2.873943925,2.435113605
2.884466599,2.450664521
2.894989273,2.462348446
2.905511947,2.47133116
2.916034621,2.477791895
2.926557296,2.481416799
2.93707997,2.482445403
2.947602644,2.480649622
2.958125318,2.476326064
2.968647992,2.469807323
2.979170667,2.461418897
2.989693341,2.451530601
3.000216015,2.440517577
3.010738689,2.428761325
3.021261363,2.416658369
3.031784038,2.404595625
3.042306712,2.392960813
3.052829386,2.3821346
3.06335206,2.372480828
3.073874734,2.364378087
3.084397409,2.3581391
3.094920083,2.354079455
3.105442757,2.35251234
3.115965431,2.353693132
3.126488105,2.357860257
3.13701078,2.365221713
3.147533454,2.376474179
3.158056128,2.391746866
3.168578802,2.410638874
3.179101476,2.433212645
3.189624151,2.459482015
3.200146825,2.489448639
3.210669499,2.523071966
3.221192173,2.560276888
3.231714847,2.601119996
3.242237522,2.64579015
3.252760196,2.693942823
3.26328287,2.74503402
3.273805544,2.798823329
3.284328218,2.85504381
3.294850893,2.913404113
3.305373567,2.97359079
3.315896241,3.035270778
3.326418915,3.098574702
3.336941589,3.16313435
3.347464264,3.228085636
3.357986938,3.2930475
3.368509612,3.357623042
3.379032286,3.421392192
3.38955496,3.483972813
3.400077635,3.544974021
3.410600309,3.604013248
3.421122983,3.660719435
3.431645657,3.71473612
3.442168331,3.765724389
3.452691006,3.813365645
3.46321368,3.857364177
3.473736354,3.898395424
3.484259028,3.93620832
3.494781702,3.9705791
3.505304377,4.001782652
3.515827051,4.028680625
3.526349725,4.051112087
3.536872399,4.068950754
3.547395073,4.081623931
3.557917748,4.089072051
3.568440422,4.091271011
3.578963096,4.088231757
3.58948577,4.079999526
3.600008444,4.066652741
3.610531119,4.049316498
3.621053793,4.028122669
3.631576467,4.002208072
3.642099141,3.971750735
3.652621815,3.936952871
3.66314449,3.898038606
3.673667164,3.855251564
3.684189838,3.808852382
3.694712512,3.759602565
3.705235186,3.708268466
3.715757861,3.654647954
3.726280535,3.598544898
3.736803209,3.540243033
3.747325883,3.480047212
3.757848557,3.41825176
3.768371232,3.35515791
3.778893906,3.291507105
3.78941658,3.228041595
3.799939254,3.164566269
3.810461928,3.100874203
3.820984603,3.037210137
3.831507277,2.97379184
3.842029951,2.910887617
3.852552625,2.848661714
3.863075299,2.787335979
3.873597974,2.727082726
3.884120648,2.668069473
3.894643322,2.610964993
3.905165996,2.555901009
3.91568867,2.502471804
3.926211345,2.450791108
3.936734019,2.400902872
3.947256693,2.352883017
3.957779367,2.306775232
3.968302041,2.262606209
3.978824716,2.220385745
3.98934739,2.180106942
3.999870064,2.142236663
4.010392738,2.106731534
4.020915412,2.073038518
4.031438087,2.041080044
4.041960761,2.01076472
4.052483435,1.981988323
4.063006109,1.954634932
4.073528783,1.928569854
4.084051458,1.90367615
4.094574132,1.87980983
4.105096806,1.857253863
4.11561948,1.835859121
4.126142154,1.815014876
4.136664829,1.794558295
4.147187503,1.774328348
4.157710177,1.754165268
4.168232851,1.733918508
4.178755525,1.713453504
4.1892782,1.692630704
4.199800874,1.671329401
4.210323548,1.649442808
4.220846222,1.626879751
4.231368896,1.603566201
4.241891571,1.579446595
4.252414245,1.554477239
4.262936919,1.528659592
4.273459593,1.501989325
4.283982267,1.475005881
4.294504942,1.448615083
4.305027616,1.422357492
4.31555029,1.395437701
4.326072964,1.367942369
4.336595638,1.339977167
4.347118313,1.311665553
4.357640987,1.283147251
4.368163661,1.254576458
4.378686335,1.226119813
4.389209009,1.197963329
4.399731684,1.170260535
4.410254358,1.143242045
4.420777032,1.117065805
4.431299706,1.091950011
4.44182238,1.068081494
4.452345055,1.045626052
4.462867729,1.024775176
4.473390403,1.005682398
4.483913077,0.988497115
4.494435751,0.973352524
4.504958426,0.96036351
4.5154811,0.949624763
4.526003774,0.941209184
4.536526448,0.935150321
4.547049122,0.931509876
4.557571797,0.930268257
4.568094471,0.931401424
4.578617145,0.934860219
4.589139819,0.940570721
4.599662493,0.948434937
4.610185167,0.958339771
4.620707842,0.970120915
4.631230516,0.983631345
4.64175319,0.998697378
4.652275864,1.015112208
4.662798538,1.032665075
4.673321213,1.051133907
4.683843887,1.070287952
4.694366561,1.089890506
4.704889235,1.109694316
4.715411909,1.129468153
4.725934584,1.148981253
4.736457258,1.167991714
4.746979932,1.18627479
4.757502606,1.203615992
4.76802528,1.220294912
4.778547955,1.236120405
4.789070629,1.25043256
4.799593303,1.26307146
4.810115977,1.273897215
4.820638651,1.282782933
4.831161326,1.289650535
4.841684,1.294416012
4.852206674,1.297979524
4.862729348,1.300306086
4.873252022,1.300425415
4.883774697,1.298340396
4.894297371,1.294076011
4.904820045,1.287678447
4.915342719,1.279213977
4.925865393,1.268759761
4.936388068,1.25643537
4.946910742,1.242348527
4.957433416,1.226630505
4.96795609,1.209424147
4.978478764,1.190881795
4.989001439,1.171171677
4.999524113,1.150444005
5.010046787,1.12887359
5.020569461,1.107100446
5.031092135,1.08527182
5.04161481,1.063108913
5.052137484,1.040740884
5.062660158,1.018321291
5.073182832,0.995989395
5.083705506,0.973875568
5.094228181,0.95210021
5.104750855,0.930772846
5.115273529,0.909999912
5.125796203,0.889852534
5.136318877,0.870410873
5.146841552,0.851735845
5.157364226,0.833875823
5.1678869,0.816866843
5.178409574,0.800732964
5.188932248,0.785486783
5.199454923,0.771130082
5.209977597,0.757646385
5.220500271,0.745022645
5.231022945,0.733253427
5.241545619,0.722288538
5.252068294,0.712089222
5.262590968,0.70261172
5.273113642,0.693808429
5.283636316,0.685629066
5.29415899,0.67802183
5.304681665,0.670934536
5.315204339,0.664766492
5.325727013,0.659472809
5.336249687,0.654533645
5.346772361,0.649905361
5.357295036,0.645542478
5.36781771,0.641405248
5.378340384,0.637460432
5.388863058,0.633692959
5.399385732,0.630065508
5.409908407,0.626576709
5.420431081,0.623225095
5.430953755,0.620017918
5.441476429,0.616971209
5.451999103,0.61410971
5.462521778,0.611466661
5.473044452,0.609083465
5.483567126,0.607009205
5.4940898,0.605300046
5.504612474,0.604018497
5.515135149,0.603232559
5.525657823,0.60301476
5.536180497,0.60383093
5.546703171,0.605756105
5.557225845,0.60848593
5.56774852,0.612071352
5.578271194,0.616593769
5.588793868,0.622121992
5.599316542,0.628720816
5.609839216,0.636449696
5.620361891,0.645361454
5.630884565,0.655501021
5.641407239,0.666904254
5.651929913,0.679596842
5.662452587,0.693593323
5.672975262,0.708896237
5.683497936,0.725495434
5.69402061,0.743359846
5.704543284,0.76246966
5.715065958,0.782764576
5.725588633,0.804180515
5.736111307,0.826640107
5.746633981,0.850053223
5.757156655,0.874317715
5.767679329,0.89933639
5.778202004,0.924943257
5.788724678,0.951053172
5.799247352,0.977508503
5.809770026,1.004165634
5.8202927,1.030877368
5.830815375,1.057494793
5.841338049,1.0838692
5.851860723,1.109854015
5.862383397,1.135306708
5.872906071,1.160090657
5.883428746,1.184076905
5.89395142,1.207145809
5.904474094,1.229188519
5.914996768,1.250533903
5.925519442,1.271081006
5.936042117,1.290342274
5.946564791,1.308527384
5.957087465,1.325615672
5.967610139,1.341681148
5.978132813,1.356709665
5.988655488,1.370273137
5.999178162,1.382375271
6.009700836,1.393034015
6.02022351,1.402280702
6.030746184,1.410158987
6.041268859,1.417140462
6.051791533,1.423286162
6.062314207,1.428245146
6.072836881,1.432090198
6.083359555,1.434899509
6.09388223,1.436755201
6.104404904,1.437741876
6.114927578,1.437945221
6.125450252,1.437457967
6.135972926,1.436351596
6.146495601,1.434713466
6.157018275,1.432621841
6.167540949,1.430150833
6.178063623,1.427369809
6.188586297,1.424342958
6.199108972,1.421129033
6.209631646,1.417781249
6.22015432,1.414347326
6.230676994,1.410869678
6.241199668,1.407388606
6.251722343,1.404353679
6.262245017,1.401793175
6.272767691,1.399300166
6.283290365,1.396893514
6.293813039,1.394586701
6.304335713,1.392391727
6.314858388,1.390858596
6.325381062,1.389993726
6.335903736,1.389260511
6.34642641,1.388662043
6.356949084,1.3882027
6.367471759,1.387888467
6.377994433,1.387727149
6.388517107,1.387728453
6.399039781,1.387903956
6.409562455,1.388266948
6.42008513,1.388844366
6.430607804,1.389630948
6.441130478,1.390652895
6.451653152,1.391926986
6.462175826,1.393463341
6.472698501,1.395291126
6.483221175,1.398034508
6.493743849,1.401699824
6.504266523,1.405667102
6.514789197,1.409939279
6.525311872,1.414494442
6.535834546,1.419326435
6.54635722,1.424426462
6.556879894,1.429760728
6.567402568,1.435310312
6.577925243,1.441046078
6.588447917,1.446934776
6.598970591,1.452939289
6.609493265,1.459027147
6.620015939,1.465140471
6.630538614,1.471239464
6.641061288,1.477275944
6.651583962,1.483200427
6.662106636,1.488968505
6.67262931,1.49452045
6.683151985,1.499833665
6.693674659,1.505608269
6.704197333,1.51181057
6.714720007,1.517601591
6.725242681,1.522931809
6.735765356,1.527781927
6.74628803,1.532070521
6.756810704,1.535786076
6.767333378,1.538904937
6.777856052,1.54141145
6.788378727,1.543298373
6.798901401,1.544567172
6.809424075,1.545228198
6.819946749,1.54530073
6.830469423,1.544812907
6.840992098,1.544189594
6.851514772,1.543487497
6.862037446,1.542350034
6.87256012,1.540827007
6.883082794,1.539545192
6.893605469,1.538555544
6.904128143,1.537382386
6.914650817,1.536086637
6.925173491,1.534743618
6.935696165,1.533432558
6.94621884,1.532236318
6.956741514,1.531240774
6.967264188,1.530527541
6.977786862,1.530201507
6.988309536,1.530345574
6.998832211,1.531051804
7.009354885,1.532412383
7.019877559,1.534531931
7.030400233,1.537479237
7.040922907,1.541354145
7.051445582,1.546601013
7.061968256,1.553302782
7.07249093,1.561180592
7.083013604,1.570308999
7.093536278,1.580759307
7.104058953,1.592610414
7.114581627,1.605906558
7.125104301,1.620715835
7.135626975,1.63709257
7.146149649,1.655085569
7.156672324,1.67473751
7.167194998,1.696580079
7.177717672,1.720643061
7.188240346,1.746649199
7.19876302,1.774581348
7.209285695,1.804237151
7.219808369,1.8355965
7.230331043,1.868628148
7.240853717,1.903280337
7.251376391,1.939516428
7.261899066,1.977256443
7.27242174,2.016428559
7.282944414,2.056919811
7.293467088,2.098620011
7.303989762,2.141404614
7.314512437,2.185130692
7.325035111,2.229639968
7.335557785,2.274770829
7.346080459,2.32091306
7.356603133,2.367869204
7.367125808,2.414816694
7.377648482,2.461519651
7.388171156,2.507732429
7.39869383,2.553201539
7.409216504,2.597657917
7.419739179,2.640861074
7.430261853,2.682535439
7.440784527,2.722801824
7.451307201,2.761401357
7.461829875,2.797698603
7.47235255,2.831823705
7.482875224,2.863545953
7.493397898,2.892277051
7.503920572,2.917858299
7.514443246,2.940057185
7.524965921,2.958759121
7.535488595,2.974252055
7.546011269,2.986451777
7.556533943,2.994903889
7.567056617,2.999590591
7.577579292,3.000539879
7.588101966,2.998080822
7.59862464,2.992295192
7.609147314,2.984123349
7.619669988,2.973686658
7.630192663,2.960131313
7.640715337,2.943655814
7.651238011,2.924505902
7.661760685,2.904180913
7.672283359,2.882970376
7.682806034,2.859950607
7.693328708,2.835441352
7.703851382,2.809776823
7.714374056,2.783301541
7.72489673,2.756366027
7.735419405,2.729322389
7.745942079,2.702543494
7.756464753,2.676330583
7.766987427,2.651026768
7.777510101,2.62697184
7.788032776,2.604436258
7.79855545,2.583701952
7.809078124,2.565008218
7.819600798,2.548594705
7.830123472,2.534660563
7.840646147,2.523372279
7.851168821,2.514829309
7.861691495,2.509109504
7.872214169,2.506279268
7.882736843,2.506362929
7.893259518,2.509352844
7.903782192,2.515210932
7.914304866,2.523870626
7.92482754,2.535239233
7.935350214,2.549200626
7.945872889,2.566246534
7.956395563,2.586217881
7.966918237,2.608308196
7.977440911,2.632323325
7.987963585,2.658080724
7.998486259,2.68537479
8.009008934,2.714007341
8.019531608,2.743783548
8.030054282,2.775064955
8.040576956,2.807678686
8.05109963,2.840877927
8.061622305,2.87450773
8.072144979,2.908419425
8.082667653,2.942480677
8.093190327,2.976568342
8.103713001,3.011202292
8.114235676,3.046842759
8.12475835,3.082819074
8.135281024,3.118502244
8.145803698,3.153841469
8.156326372,3.188799969
8.166849047,3.22336442
8.177371721,3.257502017
8.187894395,3.291216399
8.198417069,3.325055642
8.208939743,3.35920811
8.219462418,3.393124255
8.229985092,3.426612306
8.240507766,3.459665639
8.25103044,3.492273678
8.261553114,3.525003785
8.272075789,3.557817133
8.282598463,3.590103149
8.293121137,3.621807965
8.303643811,3.652871103
8.314166485,3.683243989
8.32468916,3.712806786
8.335211834,3.741485661
8.345734508,3.769190827
8.356257182,3.795792506
8.366779856,3.821175249
8.377302531,3.845227369
8.387825205,3.867810229
8.398347879,3.888782775
8.408870553,3.908020476
8.419393227,3.925377083
8.429915902,3.942476835
8.440438576,3.959169716
8.45096125,3.973533412
8.461483924,3.985407947
8.472006598,3.994662657
8.482529273,4.001155197
8.493051947,4.004763896
8.503574621,4.005821977
8.514097295,4.004716577
8.524619969,4.000931189
8.535142644,3.994478967
8.545665318,3.985323949
8.556187992,3.972829553
8.566710666,3.95698928
8.57723334,3.93781047
8.587756015,3.915275166
8.598278689,3.88949625
8.608801363,3.860526142
8.619324037,3.828487214
8.629846711,3.793468316
8.640369386,3.755634641
8.65089206,3.715157618
8.661414734,3.672235804
8.671937408,3.628231459
8.682460082,3.58337282
8.692982757,3.536735336
8.703505431,3.489074335
8.714028105,3.44065056
8.724550779,3.391228484
8.735073453,3.341090112
8.745596128,3.290538401
8.756118802,3.239853369
8.766641476,3.189790305
8.77716415,3.141219579
8.787686824,3.093997157
8.798209499,3.04784681
8.808732173,3.003054241
8.819254847,2.959898282
8.829777521,2.918648393
8.840300195,2.879562173
8.85082287,2.842882928
8.861345544,2.80883733
8.871868218,2.777623147
8.882390892,2.74944959
8.892913566,2.724468117
8.903436241,2.702818579
8.913958915,2.684615052
8.924481589,2.669944752
8.935004263,2.658867267
8.945526937,2.651414118
8.956049612,2.647579847
8.966572286,2.647910454
8.97709496,2.652338327
8.987617634,2.66022506
8.998140308,2.671458315
9.008662983,2.685902432
9.019185657,2.703400372
9.029708331,2.723766291
9.040231005,2.746819459
9.050753679,2.772360185
9.061276354,2.800158162
9.071799028,2.829985395
9.082321702,2.861607467
9.092844376,2.895326722
9.10336705,2.930907041
9.113889725,2.967546645
9.124412399,3.004998951
9.134935073,3.043041634
9.145457747,3.081438619
9.155980421,3.119962997
9.166503096,3.158401208
9.17702577,3.196549957
9.187548444,3.23455417
9.198071118,3.272800053
9.208593792,3.310747443
9.219116467,3.347669671
9.229639141,3.383400034
9.240161815,3.418872719
9.250684489,3.453928101
9.261207163,3.487311695
9.271729838,3.519433519
9.282252512,3.550116714
9.292775186,3.578657531
9.30329786,3.604900959
9.313820534,3.628694032
9.324343209,3.649885306
9.334865883,3.668335773
9.345388557,3.683876873
9.355911231,3.696341539
9.366433905,3.7056464
9.37695658,3.711612474
9.387479254,3.714100224
9.398001928,3.712974942
9.408524602,3.708108333
9.419047276,3.699380313
9.429569951,3.686673945
9.440092625,3.669899526
9.450615299,3.648982436
9.461137973,3.624348662
9.471660647,3.595967689
9.482183322,3.563282268
9.492705996,3.52681635
9.50322867,3.487598491
9.513751344,3.445119949
9.524274018,3.398404424
9.534796693,3.347527843
9.545319367,3.293625184
9.555842041,3.236825282
9.566364715,3.176251013
9.576887389,3.112086026
9.587410064,3.044803505
9.597932738,2.974627122
9.608455412,2.901607562
9.618978086,2.826015825
9.62950076,2.7481621
9.640023435,2.668403496
9.650546109,2.587086697
9.661068783,2.504582998
9.671591457,2.421819082
9.682114131,2.339179261
9.692636805,2.256494593
9.70315948,2.174153715
9.713682154,2.092545328
9.724204828,2.012027324
9.734727502,1.932957304
9.745250176,1.855677672
9.755772851,1.780512499
9.766295525,1.707764656
9.776818199,1.637713248
9.787340873,1.570611379
9.797863547,1.506684258
9.808386222,1.446127664
9.818908896,1.38910677
9.82943157,1.335755342
9.839954244,1.286175275
9.850476918,1.240436497
9.860999593,1.198577182
9.871522267,1.160604292
9.882044941,1.126494398
9.892567615,1.096185951
9.903090289,1.069617804
9.913612964,1.046671693
9.924135638,1.027215867
9.934658312,1.011095753
9.945180986,0.998135971
9.95570366,0.988142472
9.966226335,0.980904747
9.976749009,0.976198103
9.987271683,0.973785976
9.997794357,0.973422259
10.00831703,0.974853639
10.01883971,0.977813255
10.02936238,0.982448509
10.03988505,0.988484051
10.05040773,0.995265105
10.0609304,1.002529947
10.07145308,1.010022963
10.08197575,1.017496647
10.09249843,1.02471348
10.1030211,1.031447688
10.11354377,1.0374813
10.12406645,1.04262021
10.13458912,1.046695466
10.1451118,1.049531768
10.15563447,1.050983222
10.16615714,1.050905408
10.17667982,1.049229687
10.18720249,1.045846506
10.19772517,1.041248222
10.20824784,1.03540269
10.21877052,1.027693624
10.22929319,1.018104159
10.23981586,1.006636627
10.25033854,0.993312187
10.26086121,0.978720088
10.27138389,0.962911385
10.28190656,0.945396997
10.29242923,0.926253465
10.30295191,0.905570625
10.31347458,0.883450238
10.32399726,0.860004535
10.33451993,0.83535469
10.34504261,0.809629249
10.35556528,0.782962534
10.36608795,0.755493037
10.37661063,0.727361835
10.3871333,0.698702855
10.39765598,0.669675888
10.40817865,0.640410361
10.41870133,0.611034331
10.429224,0.581682624
10.43974667,0.552580872
10.45026935,0.523827967
10.46079202,0.49546176
10.4713147,0.4675695
10.48183737,0.440281917
10.49236004,0.413664037
10.50288272,0.387792196
10.51340539,0.362729007
10.52392807,0.338540794
10.53445074,0.315269966
10.54497342,0.292954892
10.55549609,0.271624927
10.56601876,0.251300796
10.57654144,0.231995054
10.58706411,0.213712605
10.59758679,0.196442547
10.60810946,0.180195548
10.61863213,0.16494608
10.62915481,0.15067449
10.63967748,0.137356541
10.65020016,0.12496405
10.66072283,0.113465513
10.67124551,0.10282671
10.68176818,0.093011276
10.69229085,0.083981241
10.70281353,0.07569753
10.7133362,0.068120427
10.72385888,0.061209989
10.73438155,0.054926423
10.74490423,0.049230413
10.7554269,0.044083403
10.76594957,0.039447847
10.77647225,0.035287403
10.78699492,0.031567101
10.7975176,0.028253469
10.80804027,0.025314626
10.81856294,0.022720343
10.82908562,0.020442083
10.83960829,0.018453009
10.85013097,0.016728313
10.86065364,0.015243926
10.87117632,0.013978254
10.88169899,0.012911001
10.89222166,0.012023374
10.90274434,0.011298002
10.91326701,0.010718862
10.92378969,0.0102712
10.93431236,0.00994144
10.94483504,0.009717108
10.95535771,0.009580519
10.96588038,0.009534953
10.97640306,0.009562884
10.98692573,0.00965549
10.99744841,0.009804653
11.00797108,0.0100029
11.01849375,0.01024334
11.02901643,0.010519619
11.0395391,0.010825865
11.05006178,0.01115665
11.06058445,0.011506948
11.07110713,0.011872105
11.0816298,0.012247808
11.09215247,0.012630059
11.10267515,0.013015156
11.11319782,0.013399674
11.1237205,0.013771353
11.13424317,0.014147453
11.14476584,0.014513815
11.15528852,0.014868084
11.16581119,0.01520812
11.17633387,0.015544902
11.18685654,0.015867785
11.19737922,0.016181687
11.20790189,0.016473964
11.21842456,0.016743404
11.22894724,0.016989001
11.23946991,0.017209961
11.24999259,0.0174057
11.26051526,0.017575852
11.27103794,0.017720266
11.28156061,0.01783901
11.29208328,0.017932362
11.30260596,0.018000811
11.31312863,0.018045048
11.32365131,0.018065959
11.33417398,0.018064613
11.34469665,0.018042251
11.35521933,0.01800027
11.365742,0.017939027
11.37626468,0.017862798
11.38678735,0.01777185
11.39731003,0.017682425
11.4078327,0.017596302
11.41835537,0.017500786
11.42887805,0.017397577
11.43940072,0.017288359
11.4499234,0.017174779
11.46044607,0.017058423
11.47096875,0.016940788
11.48149142,0.016823266
11.49201409,0.016707118
11.50253677,0.016593457
11.51305944,0.016483228
11.52358212,0.016377547
11.53410479,0.016276369
11.54462746,0.016180337
11.55515014,0.016089606
11.56567281,0.016004113
11.57619549,0.015923585
11.58671816,0.015847775
11.59724084,0.01577559
11.60776351,0.015706346
11.61828618,0.015639002
11.62880886,0.015572364
11.63933153,0.015505109
11.64985421,0.015435808
11.66037688,0.015362956
11.67089955,0.015285002
11.68142223,0.015200376
11.6919449,0.015107525
11.70246758,0.015004944
11.71299025,0.014891204
11.72351293,0.014764988
11.7340356,0.014625117
11.74455827,0.014470574
11.75508095,0.014300535
11.76560362,0.014114387
11.7761263,0.013928383
11.78664897,0.013742245
11.79717165,0.01353917
11.80769432,0.013319265
11.81821699,0.013082908
11.82873967,0.012830752
11.83926234,0.012563724
11.84978502,0.012283022
11.86030769,0.011990096
11.87083036,0.011686647
11.88135304,0.0113746
11.89187571,0.011056092
11.90239839,0.010733446
11.91292106,0.010409147
11.92344374,0.010085976
11.93396641,0.009766395
11.94448908,0.009453342
11.95501176,0.009149685
11.96553443,0.008858318
11.97605711,0.008582127
11.98657978,0.008323963
11.99710246,0.008086615
12.00762513,0.007872782
12.0181478,0.007685045
12.02867048,0.007525844
12.03919315,0.007397449
12.04971583,0.007301944
12.0602385,0.007241199
12.07076117,0.007216856
12.08128385,0.007230304
12.09180652,0.007282668
12.1023292,0.007374583
12.11285187,0.007507055
12.12337455,0.007680064
12.13389722,0.007893537
12.14441989,0.008147076
12.15494257,0.008439956
12.16546524,0.00877112
12.17598792,0.00913918
12.18651059,0.009542417
12.19703326,0.009978791
12.20755594,0.010445948
12.21807861,0.01094123
12.22860129,0.011461694
12.23912396,0.012004126
12.24964664,0.012565068
12.26016931,0.013140842
12.27069198,0.013727576
12.28121466,0.014321241
12.29173733,0.014917682
12.30226001,0.015512658
12.31278268,0.016101882
12.32330536,0.01668083
12.33382803,0.017245758
12.3443507,0.017792202
12.35487338,0.018316118
12.36539605,0.018813628
12.37591873,0.019281068
12.3864414,0.019715024
12.39696407,0.020112371
12.40748675,0.020470308
12.41800942,0.020786386
12.4285321,0.02105854
12.43905477,0.021285103
12.44957745,0.021482104
12.46010012,0.021648577
12.47062279,0.021766569
12.48114547,0.021835839
12.49166814,0.021856574
12.50219082,0.021829387
12.51271349,0.021766906
12.52323616,0.021670432
12.53375884,0.02152991
12.54428151,0.021347227
12.55480419,0.021124567
12.56532686,0.020864369
12.57584954,0.020569294
12.58637221,0.020242176
12.59689488,0.019885987
12.60741756,0.019503785
12.61794023,0.019098682
12.62846291,0.018673791
12.63898558,0.018232196
12.64950826,0.017776907
12.66003093,0.017310832
12.6705536,0.01683674
12.68107628,0.01635724
12.69159895,0.015874758
12.70212163,0.015391248
12.7126443,0.01490931
12.72316697,0.014430392
12.73368965,0.013956054
12.74421232,0.01348763
12.754735,0.013026232
12.76525767,0.01257276
12.77578035,0.012127911
12.78630302,0.011692196
12.79682569,0.011265955
12.80734837,0.010849381
12.81787104,0.01044253
12.82839372,0.010045351
12.83891639,0.009657703
12.84943907,0.009287062
12.85996174,0.008933103
12.87048441,0.008587718
12.88100709,0.008250476
12.89152976,0.00792103
12.90205244,0.007598837
12.91257511,0.007283587
12.92309778,0.00697495
12.93362046,0.006672648
12.94414313,0.00637646
12.95466581,0.006086224
12.96518848,0.00580184
12.97571116,0.005523269
12.98623383,0.005250527
12.9967565,0.004983687
13.00727918,0.004722868
13.01780185,0.004468231
13.02832453,0.004220063
13.0388472,0.003978429
13.04936987,0.003743642
13.05989255,0.003515955
13.07041522,0.003295626
13.0809379,0.003083215
13.09146057,0.002878428
13.10198325,0.002681737
13.11250592,0.00249335
13.12302859,0.002313448
13.13355127,0.002142187
13.14407394,0.001979691
13.15459662,0.001826075
13.16511929,0.001681361
13.17564197,0.001545599
13.18616464,0.001418792
13.19668731,0.001300915
13.20720999,0.001191923
13.21773266,0.001091751
13.22825534,0.001000318
13.23877801,0.000917534
13.24930068,0.000843304
13.25982336,0.000777532
13.27034603,0.000720129
13.28086871,0.000671016
13.29139138,0.000630128
13.30191406,0.000597435
13.31243673,0.000572895
13.3229594,0.000556529
13.33348208,0.00054838
13.34400475,0.000548527
13.35452743,0.000557089
13.3650501,0.000574224
13.37557278,0.000599856
13.38609545,0.000634844
13.39661812,0.00067925
13.4071408,0.000733192
13.41766347,0.000797144
13.42818615,0.000871521
13.43870882,0.000956589
13.44923149,0.001053947
13.45975417,0.00116266
13.47027684,0.001283828
13.48079952,0.001418019
13.49132219,0.001565816
13.50184487,0.001727807
13.51236754,0.00190477
13.52289021,0.002096955
13.53341289,0.002305076
13.54393556,0.00252967
13.55445824,0.002771241
13.56498091,0.003030246
13.57550358,0.003307089
13.58602626,0.003602496
13.59654893,0.003916064
13.60707161,0.004248284
13.61759428,0.004599277
13.62811696,0.004969005
13.63863963,0.005357653
13.6491623,0.005764535
13.65968498,0.006189982
13.67020765,0.006632787
13.68073033,0.007092743
13.691253,0.00756918
13.70177568,0.008061316
13.71229835,0.008568264
13.72282102,0.009089035
13.7333437,0.009622555
13.74386637,0.010167673
13.75438905,0.010723177
13.76491172,0.011287813
13.77543439,0.011860189
13.78595707,0.012439284
13.79647974,0.013023695
13.80700242,0.013612215
13.81752509,0.014207632
13.82804777,0.014808883
13.83857044,0.015411082
13.84909311,0.016013707
13.85961579,0.016615641
13.87013846,0.017216697
13.88066114,0.017816704
13.89118381,0.018415743
13.90170649,0.019014172
13.91222916,0.019612635
13.92275183,0.020212076
13.93327451,0.020813796
13.94379718,0.021419245
13.95431986,0.022034746
13.96484253,0.022662388
13.9753652,0.023300044
13.98588788,0.023950268
13.99641055,0.024615821
14.00693323,0.025314872
14.0174559,0.02605036
14.02797858,0.026809948
14.03850125,0.027596572
14.04902392,0.028413155
14.0595466,0.029262533
14.07006927,0.03014743
14.08059195,0.0310715
14.09111462,0.03203701
14.10163729,0.033044781
14.11215997,0.034096394
14.12268264,0.035193005
14.13320532,0.036335297
14.14372799,0.037523431
14.15425067,0.038757005
14.16477334,0.04003502
14.17529601,0.041356012
14.18581869,0.042717442
14.19634136,0.044116517
14.20686404,0.04554967
14.21738671,0.047012687
14.22790939,0.04850142
14.23843206,0.050010424
14.24895473,0.05153336
14.25947741,0.053063066
14.27000008,0.054592841
14.28052276,0.056115296
14.29104543,0.057622706
14.3015681,0.059107092
14.31209078,0.060560289
14.32261345,0.061980149
14.33313613,0.063358345
14.3436588,0.064680462
14.35418148,0.065938372
14.36470415,0.067124152
14.37522682,0.068264689
14.3857495,0.069352559
14.39627217,0.07034605
14.40679485,0.071238507
14.41731752,0.072024033
14.42784019,0.072697071
14.43836287,0.073262505
14.44888554,0.073716498
14.45940822,0.074046643
14.46993089,0.074250707
14.48045357,0.074327393
14.49097624,0.074276287
14.50149891,0.074097874
14.51202159,0.073812479
14.52254426,0.073422183
14.53306694,0.07291079
14.54358961,0.07228291
14.55411229,0.071542861
14.56463496,0.07070794
14.57515763,0.06978372
14.58568031,0.068784601
14.59620298,0.067717011
14.60672566,0.066566028
14.61724833,0.065338792
14.627771,0.064042795
14.63829368,0.062685814
14.64881635,0.061275843
14.65933903,0.059821026
14.6698617,0.058329594
14.68038438,0.056809799
14.69090705,0.05526994
14.70142972,0.053718402
14.7119524,0.052163199
14.72247507,0.050611622
14.73299775,0.049071129
14.74352042,0.047548833
14.7540431,0.046051611
14.76456577,0.044585799
14.77508844,0.043171354
14.78561112,0.041813682
14.79613379,0.040503509
14.80665647,0.039245115
14.81717914,0.038042235
14.82770181,0.036898062
14.83822449,0.035815244
14.84874716,0.034795873
14.85926984,0.033844236
14.86979251,0.032961301
14.88031519,0.032144748
14.89083786,0.031394453
14.90136053,0.030709753
14.91188321,0.030089507
14.92240588,0.029532094
14.93292856,0.029035201
14.94345123,0.028596869
14.9539739,0.028213901
14.96449658,0.027883047
14.97501925,0.027601013
14.98554193,0.027363939
14.9960646,0.027167785
15.00658728,0.027007629
15.01710995,0.026879324
15.02763262,0.026778282
15.0381553,0.026699876
15.04867797,0.026639466
15.05920065,0.026592444
15.06972332,0.026554282
15.080246,0.026520575
15.09076867,0.026487089
15.10129134,0.026457576
15.11181402,0.026428194
15.12233669,0.026387539
15.13285937,0.026332305
15.14338204,0.026259533
15.15390471,0.026166622
15.16442739,0.026051399
15.17495006,0.025929941
15.18547274,0.025800726
15.19599541,0.025644621
15.20651809,0.025460805
15.21704076,0.025248881
15.22756343,0.025008871
15.23808611,0.024741202
15.24860878,0.024446596
15.25913146,0.024126459
15.26965413,0.023782203
15.28017681,0.023416437
15.29069948,0.023031294
15.30122215,0.022627848
15.31174483,0.022210814
15.3222675,0.021782267
15.33279018,0.021344221
15.34331285,0.020906214
15.35383552,0.020471271
15.3643582,0.020035727
15.37488087,0.019602915
15.38540355,0.019176602
15.39592622,0.018759442
15.4064489,0.018353461
15.41697157,0.017961315
15.42749424,0.017585508
15.43801692,0.017228073
15.44853959,0.016891821
15.45906227,0.016578303
15.46958494,0.016289215
15.48010761,0.016026072
15.49063029,0.015789874
15.50115296,0.015582078
15.51167564,0.015402799
15.52219831,0.015253276
15.53272099,0.015133294
15.54324366,0.015042818
15.55376633,0.014981564
15.56428901,0.014949002
15.57481168,0.014944363
15.58533436,0.014966648
15.59585703,0.015014638
15.60637971,0.015086903
15.61690238,0.01518629
15.62742505,0.015310946
15.63794773,0.015454366
15.6484704,0.015614337
15.65899308,0.015788526
15.66951575,0.01597583
15.68003842,0.016173692
15.6905611,0.016378125
15.70108377,0.016586211
15.71160645,0.016797054
15.72212912,0.017007632
15.7326518,0.017213882
15.74317447,0.017413114
15.75369714,0.017602704
15.76421982,0.017780115
15.77474249,0.017942929
15.78526517,0.018088816
15.79578784,0.018215751
15.80631051,0.018326104
15.81683319,0.018418095
15.82735586,0.018485763
15.83787854,0.018527746
15.84840121,0.018542935
15.85892389,0.018530479
15.86944656,0.018489797
15.87996923,0.018420584
15.89049191,0.018322809
15.90101458,0.018196712
15.91153726,0.018042815
15.92205993,0.017878896
15.93258261,0.017705835
15.94310528,0.017507588
15.95362795,0.017285343
15.96415063,0.017040489
15.9746733,0.016774591
15.98519598,0.01648937
15.99571865,0.016186678
16.00624132,0.015868468
16.016764,0.015536771
16.02728667,0.015193535
16.03780935,0.01484113
16.04833202,0.014481478
16.0588547,0.014116624
16.06937737,0.013748544
16.07990004,0.013379127
16.09042272,0.013010149
16.10094539,0.012642968
16.11146807,0.012279715
16.12199074,0.01192138
16.13251342,0.011569102
16.14303609,0.011223879
16.15355876,0.010886516
16.16408144,0.010557637
16.17460411,0.010237684
16.18512679,0.009926931
16.19564946,0.009625485
16.20617213,0.009333293
16.21669481,0.009050202
16.22721748,0.008775896
16.23774016,0.008509957
16.24826283,0.00825203
16.25878551,0.008001358
16.26930818,0.007757317
16.27983085,0.007519503
16.29035353,0.007287142
16.3008762,0.007059595
16.31139888,0.006842822
16.32192155,0.006636221
16.33244422,0.006432544
16.3429669,0.006231215
16.35348957,0.006031727
16.36401225,0.005833653
16.37453492,0.005636653
16.3850576,0.005440474
16.39558027,0.005244961
16.40610294,0.005050034
16.41662562,0.004855714
16.42714829,0.004662102
16.43767097,0.004469499
16.44819364,0.004278154
16.45871632,0.004088263
16.46923899,0.003900195
16.47976166,0.003714369
16.49028434,0.003531241
16.50080701,0.003351296
16.51132969,0.003175039
16.52185236,0.003002988
16.53237503,0.002835662
16.54289771,0.002673584
16.55342038,0.002517279
16.56394306,0.002367207
16.57446573,0.002223832
16.58498841,0.002087611
16.59551108,0.001958898
16.60603375,0.001838131
16.61655643,0.001725692
16.6270791,0.001621762
16.63760178,0.001526644
16.64812445,0.001440616
16.65864713,0.001364007
16.6691698,0.001296705
16.67969247,0.001238964
16.69021515,0.001191069
16.70073782,0.001152771
16.7112605,0.001124258
16.72178317,0.00110555
16.73230584,0.00109657
16.74282852,0.001097444
16.75335119,0.001108034
16.76387387,0.00112827
16.77439654,0.001158059
16.78491922,0.001197447
16.79544189,0.001246037
16.80596456,0.001304095
16.81648724,0.001371093
16.82700991,0.001446838
16.83753259,0.001531246
16.84805526,0.001623837
16.85857793,0.001724989
16.86910061,0.001834437
16.87962328,0.001951387
16.89014596,0.002075834
16.90066863,0.002207519
16.91119131,0.002346179
16.92171398,0.002491553
16.93223665,0.002643451
16.94275933,0.00280152
16.953282,0.002965586
16.96380468,0.003135454
16.97432735,0.003310958
16.98485003,0.003491975
16.9953727,0.003678531
17.00589537,0.003870442
17.01641805,0.004067842
17.02694072,0.00427086
17.0374634,0.004479716
17.04798607,0.004695484
17.05850874,0.004918571
17.06903142,0.005148725
17.07955409,0.005386571
17.09007677,0.005632853
17.10059944,0.005888439
17.11112212,0.006154322
17.12164479,0.006431616
17.13216746,0.006721561
17.14269014,0.007025511
17.15321281,0.007344932
17.16373549,0.007681392
17.17425816,0.008041682
17.18478084,0.008427703
17.19530351,0.008835662
17.20582618,0.009267478
17.21634886,0.009724926
17.22687153,0.010209785
17.23739421,0.010723704
17.24791688,0.011268626
17.25843955,0.011846052
17.26896223,0.012457517
17.2794849,0.013104424
17.29000758,0.013788019
17.30053025,0.014509359
17.31105293,0.015269284
17.3215756,0.016068615
17.33209827,0.016907675
17.34262095,0.017786264
17.35314362,0.018704087
17.3636663,0.019660507
17.37418897,0.020654535
17.38471164,0.021684802
17.39523432,0.022749572
17.40575699,0.023846679
17.41627967,0.024973596
17.42680234,0.026127392
17.43732502,0.027304745
17.44784769,0.028501955
17.45837036,0.02971496
17.46889304,0.030943257
17.47941571,0.032182084
17.48993839,0.033422447
17.50046106,0.034659
17.51098374,0.035887026
17.52150641,0.037100777
17.53202908,0.038293519
17.54255176,0.03946278
17.55307443,0.04060253
17.56359711,0.041703232
17.57411978,0.042758927
17.58464245,0.043771594
17.59516513,0.044735535
17.6056878,0.04563742
17.61621048,0.046481118
17.62673315,0.047261693
17.63725583,0.047965456
17.6477785,0.048588261
17.65830117,0.04912646
17.66882385,0.04957695
17.67934652,0.049937199
17.6898692,0.050205277
17.70039187,0.050379875
17.71091454,0.050467925
17.72143722,0.05046933
17.73195989,0.050391287
17.74248257,0.050241751
17.75300524,0.050007822
17.76352792,0.049684508
17.77405059,0.049274351
17.78457326,0.048780436
17.79509594,0.048221862
17.80561861,0.047602549
17.81614129,0.046911187
17.82666396,0.046152343
17.83718664,0.045330893
17.84770931,0.04445197
17.85823198,0.04352402
17.86875466,0.042552486
17.87927733,0.041539809
17.88980001,0.040491421
17.90032268,0.039412863
17.91084535,0.038309557
17.92136803,0.037191541
17.9318907,0.036063895
17.94241338,0.034926696
17.95293605,0.033784526
17.96345873,0.032641689
17.9739814,0.03150218
17.98450407,0.030369716
17.99502675,0.029247642
18.00554942,0.028138985
18.0160721,0.027046435
18.02659477,0.025972348
18.03711745,0.024918756
18.04764012,0.023887376
18.05816279,0.022879629
18.06868547,0.021896657
18.07920814,0.020939341
18.08973082,0.020008331
18.10025349,0.019103978
18.11077616,0.018237162
18.12129884,0.017407779
18.13182151,0.016605162
18.14234419,0.015828977
18.15286686,0.015078806
18.16338954,0.014354169
18.17391221,0.013654542
18.18443488,0.012979377
18.19495756,0.012328123
18.20548023,0.011700233
18.21600291,0.01109518
18.22652558,0.010512462
18.23704825,0.009951616
18.24757093,0.009412208
18.2580936,0.00889386
18.26861628,0.00839622
18.27913895,0.007918981
18.28966163,0.00746187
18.3001843,0.007024648
18.31070697,0.006607101
18.32122965,0.006209718
18.33175232,0.005832314
18.342275,0.005474032
18.35279767,0.005134693
18.36332035,0.004814114
18.37384302,0.004512103
18.38436569,0.00422845
18.39488837,0.003962865
18.40541104,0.00371523
18.41593372,0.00348518
18.42645639,0.0032724
18.43697906,0.003076521
18.44750174,0.002897185
18.45802441,0.002733944
18.46854709,0.002586274
18.47906976,0.002453791
18.48959244,0.002335877
18.50011511,0.002231948
18.51063778,0.002141257
18.52116046,0.002063425
18.53168313,0.001997607
18.54220581,0.00194294
18.55272848,0.001899005
18.56325116,0.001864851
18.57377383,0.001839694
18.5842965,0.001822733
18.59481918,0.001813158
18.60534185,0.001810148
18.61586453,0.001812883
18.6263872,0.001820542
18.63690987,0.001832192
18.64743255,0.0018473
18.65795522,0.001864699
18.6684779,0.001884022
18.67900057,0.001904491
18.68952325,0.00192526
18.70004592,0.001945659
18.71056859,0.001965059
18.72109127,0.001982623
18.73161394,0.00199836
18.74213662,0.002011463
18.75265929,0.002021497
18.76318196,0.002028076
18.77370464,0.002030875
18.78422731,0.002029575
18.79474999,0.002024073
18.80527266,0.002016882
18.81579534,0.002007884
18.82631801,0.001994267
18.83684068,0.001976003
18.84736336,0.001953042
18.85788603,0.00192563
18.86840871,0.001893795
18.87893138,0.00185771
18.88945406,0.001817587
18.89997673,0.001773677
18.9104994,0.001726262
18.92102208,0.001675652
18.93154475,0.001622182
18.94206743,0.001566204
18.9525901,0.001508082
18.96311277,0.00144819
18.97363545,0.001386903
18.98415812,0.001324598
18.9946808,0.001261643
19.00520347,0.001198398
19.01572615,0.00113521
19.02624882,0.001072407
19.03677149,0.001010133
19.04729417,0.000949045
19.05781684,0.000889198
19.06833952,0.00083083
19.07886219,0.000774154
19.08938486,0.000719356
19.09990754,0.000666593
19.11043021,0.000615997
19.12095289,0.000567671
19.13147556,0.000521692
19.14199824,0.000478114
19.15252091,0.000436967
19.16304358,0.000398258
19.17356626,0.000361976
19.18408893,0.00032809
19.19461161,0.000296556
19.20513428,0.000267311
19.21565696,0.000240285
19.22617963,0.000215395
19.2367023,0.000192549
19.24722498,0.00017164
19.25774765,0.00015259
19.26827033,0.000135279
19.278793,0.0001196
19.28931567,0.000105447
19.29983835,9.27E-05
20.00485752,0.000102179
20.01538019,0.000110874
20.02590287,0.000119975
20.03642554,0.000129465
20.04694822,0.000139319
20.05747089,0.000149508
20.06799357,0.00016
20.07851624,0.000170754
20.08903891,0.000181727
20.09956159,0.000192871
20.11008426,0.000204133
20.12060694,0.000215455
20.13112961,0.000226776
20.14165228,0.000238032
20.15217496,0.000249156
20.16269763,0.000260079
20.17322031,0.000270731
20.18374298,0.000281039
20.19426566,0.000290934
20.20478833,0.000300344
20.215311,0.000309202
20.22583368,0.000317441
20.23635635,0.000324999
20.24687903,0.000331817
20.2574017,0.000337842
20.26792438,0.000343025
20.27844705,0.000347324
20.28896972,0.000350706
20.2994924,0.000353141
20.31001507,0.000354611
20.32053775,0.000355102
20.33106042,0.000355102
20.34158309,0.000354611
20.35210577,0.000353141
20.36262844,0.000350706
20.37315112,0.000347324
20.38367379,0.000343025
20.39419647,0.000337842
20.40471914,0.000331817
20.41524181,0.000324999
20.42576449,0.000317441
20.43628716,0.000309202
20.44680984,0.000300344
20.45733251,0.000290934
20.46785519,0.000281039
20.47837786,0.000270731
20.48890053,0.000260079
20.49942321,0.000249156
20.50994588,0.000238032
20.52046856,0.000226776
20.53099123,0.000215455
20.5415139,0.000204133
20.55203658,0.000192871
20.56255925,0.000181727
20.57308193,0.000170754
20.5836046,0.00016
20.59412728,0.000149508
20.60464995,0.000139319
20.61517262,0.000129465
20.6256953,0.000119975
20.63621797,0.000110874
20.64674065,0.000102179
20.65726332,9.39E-05
22.33036852,0
